{
    "__type__": "Deck",
    "children": [],
    "crowdanki_uuid": "87b5f046-65a1-11e9-9007-d392eef10dcf",
    "deck_config_uuid": "ea53fa37-5ebf-11e9-b750-cc091810164d",
    "deck_configurations": [
        {
            "__type__": "DeckConfig",
            "autoplay": true,
            "crowdanki_uuid": "ea53fa37-5ebf-11e9-b750-cc091810164d",
            "dyn": false,
            "lapse": {
                "delays": [
                    10
                ],
                "leechAction": 0,
                "leechFails": 8,
                "minInt": 1,
                "mult": 0
            },
            "maxTaken": 60,
            "name": "Default",
            "new": {
                "bury": false,
                "delays": [
                    1,
                    10
                ],
                "initialFactor": 2500,
                "ints": [
                    1,
                    4,
                    7
                ],
                "order": 1,
                "perDay": 20,
                "separate": true
            },
            "replayq": true,
            "rev": {
                "bury": false,
                "ease4": 1.3,
                "fuzz": 0.05,
                "hardFactor": 1.2,
                "ivlFct": 1,
                "maxIvl": 36500,
                "minSpace": 1,
                "perDay": 200
            },
            "timer": 0
        }
    ],
    "desc": "",
    "dyn": 0,
    "extendNew": 10,
    "extendRev": 50,
    "media_files": [],
    "name": "Elektrische Messtechnik H-BRS",
    "note_models": [
        {
            "__type__": "NoteModel",
            "crowdanki_uuid": "010b074c-5ec0-11e9-8d22-cc091810164d",
            "css": ".card {\n font-family: arial;\n font-size: 20px;\n text-align: center;\n color: black;\n background-color: white;\n}\n",
            "flds": [
                {
                    "font": "Arial",
                    "media": [],
                    "name": "Front",
                    "ord": 0,
                    "rtl": false,
                    "size": 20,
                    "sticky": false
                },
                {
                    "font": "Arial",
                    "media": [],
                    "name": "Back",
                    "ord": 1,
                    "rtl": false,
                    "size": 20,
                    "sticky": false
                }
            ],
            "latexPost": "\\end{document}",
            "latexPre": "\\documentclass[12pt]{article}\n\\special{papersize=3in,5in}\n\\usepackage[utf8]{inputenc}\n\\usepackage{amssymb,amsmath}\n\\pagestyle{empty}\n\\setlength{\\parindent}{0in}\n\\begin{document}\n",
            "name": "Basic",
            "req": [
                [
                    0,
                    "all",
                    [
                        0
                    ]
                ]
            ],
            "sortf": 0,
            "tags": [],
            "tmpls": [
                {
                    "afmt": "{{FrontSide}}\n\n<hr id=answer>\n\n{{Back}}",
                    "bafmt": "",
                    "bqfmt": "",
                    "did": null,
                    "name": "Card 1",
                    "ord": 0,
                    "qfmt": "{{Front}}"
                }
            ],
            "type": 0,
            "vers": []
        }
    ],
    "notes": [
        {
            "__type__": "Note",
            "data": "",
            "fields": [
                "Messen",
                "experimenteller Vorgang, durch den ein spezieller Wert einer physikalischen Größe als<br>Vielfaches einer Einheit oder eines Bezugswertes ermittelt wird (DIN 1319)&nbsp;<br>"
            ],
            "flags": 0,
            "guid": "sGoNajMUWF",
            "note_model_uuid": "010b074c-5ec0-11e9-8d22-cc091810164d",
            "tags": []
        },
        {
            "__type__": "Note",
            "data": "",
            "fields": [
                "Messgroesse",
                "Physikalische Groesse, deren Wert durch eine Messung ermittelt werden soll"
            ],
            "flags": 0,
            "guid": "G0XM55KT6(",
            "note_model_uuid": "010b074c-5ec0-11e9-8d22-cc091810164d",
            "tags": []
        },
        {
            "__type__": "Note",
            "data": "",
            "fields": [
                "Messwert",
                "der gemessene, spezielle Wert einer Messgroesse, er wird als Produkt aus Zahlenwert und Einheit angegeben"
            ],
            "flags": 0,
            "guid": "A$bz5GoN:6",
            "note_model_uuid": "010b074c-5ec0-11e9-8d22-cc091810164d",
            "tags": []
        },
        {
            "__type__": "Note",
            "data": "",
            "fields": [
                "Messergebnis",
                "aus mehreren Messwerten einer physikalischen Groesse oder aus Messwerten fuer verschiedene Groessen nach einer festgelegten Beziehung ermittelter Wert oder Werteverlauf oder auch einzelner Messwert"
            ],
            "flags": 0,
            "guid": "r^CZN2Nl{&",
            "note_model_uuid": "010b074c-5ec0-11e9-8d22-cc091810164d",
            "tags": []
        },
        {
            "__type__": "Note",
            "data": "",
            "fields": [
                "Messprinzip",
                "die charakteristische Physikalische Erscheinung, die bei der Messung benutzt wird. zB Ausdehnung bei Thermometer"
            ],
            "flags": 0,
            "guid": "AX5p?(q~<0",
            "note_model_uuid": "010b074c-5ec0-11e9-8d22-cc091810164d",
            "tags": []
        },
        {
            "__type__": "Note",
            "data": "",
            "fields": [
                "Messverfahren",
                "spezielle Art der Anwendung eines Messprinzips"
            ],
            "flags": 0,
            "guid": "FOa7^4+`rI",
            "note_model_uuid": "010b074c-5ec0-11e9-8d22-cc091810164d",
            "tags": []
        },
        {
            "__type__": "Note",
            "data": "",
            "fields": [
                "Messgeraet",
                "liefert oder verkoerpert Messwerte, auch die Verknuepfung mehrerer voneinander unabhaengiger Messwerte yB das Verhaeltnis von Messwerten"
            ],
            "flags": 0,
            "guid": "A81#p<7]mT",
            "note_model_uuid": "010b074c-5ec0-11e9-8d22-cc091810164d",
            "tags": []
        },
        {
            "__type__": "Note",
            "data": "",
            "fields": [
                "Messeinrichtung",
                "besteht aus einem Messgeraet oder mehreren zusammenhaengenden Messgeraeten"
            ],
            "flags": 0,
            "guid": "z-[ODHT0aA",
            "note_model_uuid": "010b074c-5ec0-11e9-8d22-cc091810164d",
            "tags": []
        },
        {
            "__type__": "Note",
            "data": "",
            "fields": [
                "Messmethode Ausschlag",
                "Messgroesse wird direkt in einen Ausschlag eines Zeigers umgewandelt.<br>Energie wird vom Messobjekt entzogen.<br>"
            ],
            "flags": 0,
            "guid": "em18`|s~r:",
            "note_model_uuid": "010b074c-5ec0-11e9-8d22-cc091810164d",
            "tags": []
        },
        {
            "__type__": "Note",
            "data": "",
            "fields": [
                "Messmethode Kompensation",
                "die vom Messobjekt entzogene Energie wird kompensiert."
            ],
            "flags": 0,
            "guid": "cd5xQsQGBD",
            "note_model_uuid": "010b074c-5ec0-11e9-8d22-cc091810164d",
            "tags": []
        },
        {
            "__type__": "Note",
            "data": "",
            "fields": [
                "Analog Messmethode",
                "Stetige Anzeige darstellung.<br>Ohne Zeitliche unterbrechung erfasst und dargestellt"
            ],
            "flags": 0,
            "guid": "C!)T|>(lk^",
            "note_model_uuid": "010b074c-5ec0-11e9-8d22-cc091810164d",
            "tags": []
        },
        {
            "__type__": "Note",
            "data": "",
            "fields": [
                "Digitale Messmethode",
                "Festgelegten Schritten quantisierendn Anzeige dargestellt.<br>Diskontinuierlich,Bestimmten, Deskreten Zeitpunkten erfasst (abgetastet)."
            ],
            "flags": 0,
            "guid": "bb.t&Rx)Y&",
            "note_model_uuid": "010b074c-5ec0-11e9-8d22-cc091810164d",
            "tags": []
        },
        {
            "__type__": "Note",
            "data": "",
            "fields": [
                "Drehspulmesswerk",
                "WIP"
            ],
            "flags": 0,
            "guid": "w>.^W_sV4~",
            "note_model_uuid": "010b074c-5ec0-11e9-8d22-cc091810164d",
            "tags": []
        },
        {
            "__type__": "Note",
            "data": "",
            "fields": [
                "Dreheisenmesswerk",
                "WIP"
            ],
            "flags": 0,
            "guid": "g1+_*Tp4K4",
            "note_model_uuid": "010b074c-5ec0-11e9-8d22-cc091810164d",
            "tags": []
        }
    ]
}