{
    "__type__": "Deck",
    "children": [],
    "crowdanki_uuid": "0e067998-65ab-11e9-a103-d392eef10dcf",
    "deck_config_uuid": "ea53fa37-5ebf-11e9-b750-cc091810164d",
    "deck_configurations": [
        {
            "__type__": "DeckConfig",
            "autoplay": true,
            "crowdanki_uuid": "ea53fa37-5ebf-11e9-b750-cc091810164d",
            "dyn": false,
            "lapse": {
                "delays": [
                    10
                ],
                "leechAction": 0,
                "leechFails": 8,
                "minInt": 1,
                "mult": 0
            },
            "maxTaken": 60,
            "name": "Default",
            "new": {
                "bury": false,
                "delays": [
                    1,
                    10
                ],
                "initialFactor": 2500,
                "ints": [
                    1,
                    4,
                    7
                ],
                "order": 1,
                "perDay": 20,
                "separate": true
            },
            "replayq": true,
            "rev": {
                "bury": false,
                "ease4": 1.3,
                "fuzz": 0.05,
                "hardFactor": 1.2,
                "ivlFct": 1,
                "maxIvl": 36500,
                "minSpace": 1,
                "perDay": 200
            },
            "timer": 0
        }
    ],
    "desc": "",
    "dyn": 0,
    "extendNew": 10,
    "extendRev": 50,
    "media_files": [],
    "name": "Mathematik 2 H-BRS",
    "note_models": [],
    "notes": []
}