{
    "__type__": "Deck",
    "children": [],
    "crowdanki_uuid": "90c8bdc6-65a1-11e9-8b34-d392eef10dcf",
    "deck_config_uuid": "ea53fa37-5ebf-11e9-b750-cc091810164d",
    "deck_configurations": [
        {
            "__type__": "DeckConfig",
            "autoplay": true,
            "crowdanki_uuid": "ea53fa37-5ebf-11e9-b750-cc091810164d",
            "dyn": false,
            "lapse": {
                "delays": [
                    10
                ],
                "leechAction": 0,
                "leechFails": 8,
                "minInt": 1,
                "mult": 0
            },
            "maxTaken": 60,
            "name": "Default",
            "new": {
                "bury": false,
                "delays": [
                    1,
                    10
                ],
                "initialFactor": 2500,
                "ints": [
                    1,
                    4,
                    7
                ],
                "order": 1,
                "perDay": 20,
                "separate": true
            },
            "replayq": true,
            "rev": {
                "bury": false,
                "ease4": 1.3,
                "fuzz": 0.05,
                "hardFactor": 1.2,
                "ivlFct": 1,
                "maxIvl": 36500,
                "minSpace": 1,
                "perDay": 200
            },
            "timer": 0
        }
    ],
    "desc": "Please see the <a href='https://ankiweb.net/shared/info/1648181736'>shared deck page</a> for more info.",
    "dyn": 0,
    "extendNew": 10,
    "extendRev": 50,
    "media_files": [
        "img_201812251601567695410495784035616.png"
    ],
    "name": "Energieeffizienz und Erneuerbare Energien",
    "note_models": [
        {
            "__type__": "NoteModel",
            "crowdanki_uuid": "90c8e4b6-65a1-11e9-ac21-d392eef10dcf",
            "css": ".card {\n font-family: arial;\n font-size: 20px;\n text-align: center;\n color: black;\n background-color: white;\n}",
            "flds": [
                {
                    "font": "Arial",
                    "media": [],
                    "name": "Front",
                    "ord": 0,
                    "rtl": false,
                    "size": 20,
                    "sticky": false
                },
                {
                    "font": "Arial",
                    "media": [],
                    "name": "Back",
                    "ord": 1,
                    "rtl": false,
                    "size": 20,
                    "sticky": false
                }
            ],
            "latexPost": "\\end{document}",
            "latexPre": "\\documentclass[12pt]{article}\n\\special{papersize=3in,5in}\n\\usepackage[utf8]{inputenc}\n\\usepackage{amssymb,amsmath}\n\\pagestyle{empty}\n\\setlength{\\parindent}{0in}\n\\begin{document}\n",
            "name": "Basic-7290a",
            "req": [
                [
                    0,
                    "all",
                    [
                        0
                    ]
                ]
            ],
            "sortf": 0,
            "tags": [],
            "tmpls": [
                {
                    "afmt": "{{FrontSide}}\n\n<hr id=answer>\n\n{{Back}}",
                    "bafmt": "",
                    "bfont": "Arial",
                    "bqfmt": "",
                    "bsize": 12,
                    "did": null,
                    "name": "Card 1",
                    "ord": 0,
                    "qfmt": "{{Front}}"
                }
            ],
            "type": 0,
            "vers": []
        }
    ],
    "notes": [
        {
            "__type__": "Note",
            "data": "",
            "fields": [
                "Einheit masse ? ",
                "Kg, Ns^2 / m"
            ],
            "flags": 0,
            "guid": "5HoQ3",
            "note_model_uuid": "90c8e4b6-65a1-11e9-ac21-d392eef10dcf",
            "tags": []
        },
        {
            "__type__": "Note",
            "data": "",
            "fields": [
                "Joule? ",
                "Einheit Energie <br>= Kgm^2/s^2<br>= Nm<br>= Pam^3<br>= Ws<br>= CV<br>1J=2.78x10^-4 Wh oder 2.78x10^-7kWh"
            ],
            "flags": 0,
            "guid": "_~H/C",
            "note_model_uuid": "90c8e4b6-65a1-11e9-ac21-d392eef10dcf",
            "tags": []
        },
        {
            "__type__": "Note",
            "data": "",
            "fields": [
                "Energiegehalt brennbarer Stoffe wird oft in - - - angegeben ",
                "Heizwert H[kJ/Kg] "
            ],
            "flags": 0,
            "guid": "_0w%I",
            "note_model_uuid": "90c8e4b6-65a1-11e9-ac21-d392eef10dcf",
            "tags": []
        },
        {
            "__type__": "Note",
            "data": "",
            "fields": [
                "Unterscheied Heizwert /Brennwert? ",
                "Brennwert berücksichtigt zusätzlich die kondensation Energie von Wasserdampf im Abgas bei Abkühlung auf 25°C"
            ],
            "flags": 0,
            "guid": "nR*LJ",
            "note_model_uuid": "90c8e4b6-65a1-11e9-ac21-d392eef10dcf",
            "tags": []
        },
        {
            "__type__": "Note",
            "data": "",
            "fields": [
                "Alle brennbare Stoffe setzen was frei? ",
                "Co2"
            ],
            "flags": 0,
            "guid": ">vQ.C",
            "note_model_uuid": "90c8e4b6-65a1-11e9-ac21-d392eef10dcf",
            "tags": []
        },
        {
            "__type__": "Note",
            "data": "",
            "fields": [
                "Erneuerbare Energien (Materie unverändert) ",
                "Epot, Ekin, Eth, Eel. "
            ],
            "flags": 0,
            "guid": "J,X32",
            "note_model_uuid": "90c8e4b6-65a1-11e9-ac21-d392eef10dcf",
            "tags": []
        },
        {
            "__type__": "Note",
            "data": "",
            "fields": [
                "Materie unabhängig Energie? ",
                "Estr. (da Strahlungen elektromagnetisch sind, brauchen kein Bewegungs medium"
            ],
            "flags": 0,
            "guid": "]A]9K",
            "note_model_uuid": "90c8e4b6-65a1-11e9-ac21-d392eef10dcf",
            "tags": []
        },
        {
            "__type__": "Note",
            "data": "",
            "fields": [
                "Nicht erneuerbare? {Materie verändert sich ",
                "Eth.<br>Kernspaltung (Atomkraftwerk) "
            ],
            "flags": 0,
            "guid": "rM5_D",
            "note_model_uuid": "90c8e4b6-65a1-11e9-ac21-d392eef10dcf",
            "tags": []
        },
        {
            "__type__": "Note",
            "data": "",
            "fields": [
                "Dampfkraftprozess",
                "<img src='img_201812251601567695410495784035616.png'/>"
            ],
            "flags": 0,
            "guid": ".+Z@4",
            "note_model_uuid": "90c8e4b6-65a1-11e9-ac21-d392eef10dcf",
            "tags": []
        },
        {
            "__type__": "Note",
            "data": "",
            "fields": [
                "Einheit Arbeitsenergie? ",
                "W oder E [Nm], [J] "
            ],
            "flags": 0,
            "guid": "ul{46",
            "note_model_uuid": "90c8e4b6-65a1-11e9-ac21-d392eef10dcf",
            "tags": []
        },
        {
            "__type__": "Note",
            "data": "",
            "fields": [
                "1kilo =10^3, nächste? ",
                "Mega=10^6<br>Giga=10^9<br>Tera=10^12<br>Peta=10^15<br>Etta =10^18"
            ],
            "flags": 0,
            "guid": ".~5?L",
            "note_model_uuid": "90c8e4b6-65a1-11e9-ac21-d392eef10dcf",
            "tags": []
        },
        {
            "__type__": "Note",
            "data": "",
            "fields": [
                "Wärmemenge? ",
                "Q [Nm], [J] "
            ],
            "flags": 0,
            "guid": "XVyBG",
            "note_model_uuid": "90c8e4b6-65a1-11e9-ac21-d392eef10dcf",
            "tags": []
        },
        {
            "__type__": "Note",
            "data": "",
            "fields": [
                "Leistung ",
                "Arbeitsmenge pro Zeit P [W], [Nm /s] "
            ],
            "flags": 0,
            "guid": "$PHcT",
            "note_model_uuid": "90c8e4b6-65a1-11e9-ac21-d392eef10dcf",
            "tags": []
        },
        {
            "__type__": "Note",
            "data": "",
            "fields": [
                "Wärmestrom? ",
                "Qdot [W] oder [Nm /s]<br>Wärme menge pro Zeit "
            ],
            "flags": 0,
            "guid": "ik6;M",
            "note_model_uuid": "90c8e4b6-65a1-11e9-ac21-d392eef10dcf",
            "tags": []
        },
        {
            "__type__": "Note",
            "data": "",
            "fields": [
                "Elektrische Energiemenge? ",
                "Leistung über ein Zeitraum<br>[Ws] oder [kWh] "
            ],
            "flags": 0,
            "guid": "#;0h",
            "note_model_uuid": "90c8e4b6-65a1-11e9-ac21-d392eef10dcf",
            "tags": []
        },
        {
            "__type__": "Note",
            "data": "",
            "fields": [
                "Wärmeenergiemenge? ",
                "Wärmestrom Qdot über einen Zeitraum hinweg<br>Qth [Ws] oder [kWh] "
            ],
            "flags": 0,
            "guid": "BAx-N",
            "note_model_uuid": "90c8e4b6-65a1-11e9-ac21-d392eef10dcf",
            "tags": []
        },
        {
            "__type__": "Note",
            "data": "",
            "fields": [
                "Volllaststunden PV Nord De? ",
                "900h"
            ],
            "flags": 0,
            "guid": "CWy=F",
            "note_model_uuid": "90c8e4b6-65a1-11e9-ac21-d392eef10dcf",
            "tags": []
        },
        {
            "__type__": "Note",
            "data": "",
            "fields": [
                "Volllaststunden PV Süd De? ",
                "1100h"
            ],
            "flags": 0,
            "guid": "+.#+N",
            "note_model_uuid": "90c8e4b6-65a1-11e9-ac21-d392eef10dcf",
            "tags": []
        },
        {
            "__type__": "Note",
            "data": "",
            "fields": [
                "Vstd. PV Nordafrika? ",
                "2000h"
            ],
            "flags": 0,
            "guid": "zuveI",
            "note_model_uuid": "90c8e4b6-65a1-11e9-ac21-d392eef10dcf",
            "tags": []
        },
        {
            "__type__": "Note",
            "data": "",
            "fields": [
                "Vstd. Wind offshore? ",
                "4000h"
            ],
            "flags": 0,
            "guid": "<O^h2",
            "note_model_uuid": "90c8e4b6-65a1-11e9-ac21-d392eef10dcf",
            "tags": []
        },
        {
            "__type__": "Note",
            "data": "",
            "fields": [
                "Vstd. Wind onshore? ",
                "2000h"
            ],
            "flags": 0,
            "guid": "5@d2F",
            "note_model_uuid": "90c8e4b6-65a1-11e9-ac21-d392eef10dcf",
            "tags": []
        },
        {
            "__type__": "Note",
            "data": "",
            "fields": [
                "Vstd. Laufwasserkraftwerk? ",
                "5000h"
            ],
            "flags": 0,
            "guid": "81{!O",
            "note_model_uuid": "90c8e4b6-65a1-11e9-ac21-d392eef10dcf",
            "tags": []
        },
        {
            "__type__": "Note",
            "data": "",
            "fields": [
                "Vstd. Gezeitenkraftwerk? ",
                "2500h"
            ],
            "flags": 0,
            "guid": "<K~GL",
            "note_model_uuid": "90c8e4b6-65a1-11e9-ac21-d392eef10dcf",
            "tags": []
        },
        {
            "__type__": "Note",
            "data": "",
            "fields": [
                "Vstd. Tiefengeothermie? ",
                "4000h"
            ],
            "flags": 0,
            "guid": "~l]rU",
            "note_model_uuid": "90c8e4b6-65a1-11e9-ac21-d392eef10dcf",
            "tags": []
        },
        {
            "__type__": "Note",
            "data": "",
            "fields": [
                "Vstd. Kohlenkraftwerk? ",
                "6000h"
            ],
            "flags": 0,
            "guid": "?Lk2B",
            "note_model_uuid": "90c8e4b6-65a1-11e9-ac21-d392eef10dcf",
            "tags": []
        },
        {
            "__type__": "Note",
            "data": "",
            "fields": [
                "Vstd. Atomkraftwerk? ",
                "8000h"
            ],
            "flags": 0,
            "guid": "uVMn5",
            "note_model_uuid": "90c8e4b6-65a1-11e9-ac21-d392eef10dcf",
            "tags": []
        },
        {
            "__type__": "Note",
            "data": "",
            "fields": [
                "Stunden im Jahr? ",
                "8760h"
            ],
            "flags": 0,
            "guid": "*tUqF",
            "note_model_uuid": "90c8e4b6-65a1-11e9-ac21-d392eef10dcf",
            "tags": []
        },
        {
            "__type__": "Note",
            "data": "",
            "fields": [
                "Primär Energie ",
                "Energieträger in ursprünglichen Form, Kohle, Erdöl, Erdgas, Uran, Sonne, Wind, Wasser... "
            ],
            "flags": 0,
            "guid": "Ypqq8",
            "note_model_uuid": "90c8e4b6-65a1-11e9-ac21-d392eef10dcf",
            "tags": []
        },
        {
            "__type__": "Note",
            "data": "",
            "fields": [
                "Sekundär Energie ",
                "Technisch umgewandelte Energieträger, Brikett, Heizöl, Heizgas"
            ],
            "flags": 0,
            "guid": "oK_zH",
            "note_model_uuid": "90c8e4b6-65a1-11e9-ac21-d392eef10dcf",
            "tags": []
        },
        {
            "__type__": "Note",
            "data": "",
            "fields": [
                "Endenergie ",
                "Vom Endverbraucher eingesetzte Energieträger (nach Transport) Kraftstoffe, Stadtgas, Heizöl, Strom, "
            ],
            "flags": 0,
            "guid": "#!LW3",
            "note_model_uuid": "90c8e4b6-65a1-11e9-ac21-d392eef10dcf",
            "tags": []
        },
        {
            "__type__": "Note",
            "data": "",
            "fields": [
                "Primär Energie anteile Deutschland ",
                "13,1% erneuerbare<br>6.1% kern<br>11.1% Braunkohle<br>10.9% Steinkohle<br>23.8% erdgas<br>34.5% Mineralöl"
            ],
            "flags": 0,
            "guid": "LVC4L",
            "note_model_uuid": "90c8e4b6-65a1-11e9-ac21-d392eef10dcf",
            "tags": []
        },
        {
            "__type__": "Note",
            "data": "",
            "fields": [
                "Wirkungsgrad ",
                "[%] ist eine Momentaufnahme einer technischen Anlage, die mit Nennleistung betrieben wird, innerhalb einer frei gewählten Bilanzgrene "
            ],
            "flags": 0,
            "guid": "6._#T",
            "note_model_uuid": "90c8e4b6-65a1-11e9-ac21-d392eef10dcf",
            "tags": []
        },
        {
            "__type__": "Note",
            "data": "",
            "fields": [
                "Wirkungsgrad Formel ",
                "Nutzbarer output /notwendiger input "
            ],
            "flags": 0,
            "guid": "Nx8[8",
            "note_model_uuid": "90c8e4b6-65a1-11e9-ac21-d392eef10dcf",
            "tags": []
        },
        {
            "__type__": "Note",
            "data": "",
            "fields": [
                "Wirkungsgrad Kohlenkraftwerke",
                "28% bis 38%"
            ],
            "flags": 0,
            "guid": "?>`QL",
            "note_model_uuid": "90c8e4b6-65a1-11e9-ac21-d392eef10dcf",
            "tags": []
        },
        {
            "__type__": "Note",
            "data": "",
            "fields": [
                "Watt? ",
                "Joule / sek<br>Kg m^2 / s^3<br>Nm / sek<br>V*A"
            ],
            "flags": 0,
            "guid": "rUeQF",
            "note_model_uuid": "90c8e4b6-65a1-11e9-ac21-d392eef10dcf",
            "tags": []
        },
        {
            "__type__": "Note",
            "data": "",
            "fields": [
                "Thermodyn sys Offen",
                "Materietransport über die Bilanzgrene<br>Bsp. <br>Otto Motor(Luft, Benzin, Abgas, antrieb, Abwärme.. Etc) <br><br>Offenes Adiabates<br>Dampfturbine(massenstrom rein, massenstrom raus, Leistung abgegeben) <br><br>Offenes Rigide <br>Kondensator (massenstrom rein raus, nur Wärme abgegeben) <br><br>Offenes Adiabat und Rigide <br>Gedämmtes Wasser rohr (massenstrom rein raus, bleibt unverändert <br>"
            ],
            "flags": 0,
            "guid": "*<8@F",
            "note_model_uuid": "90c8e4b6-65a1-11e9-ac21-d392eef10dcf",
            "tags": []
        },
        {
            "__type__": "Note",
            "data": "",
            "fields": [
                "Thermodyn sys geschlossen ",
                "Materie dicht, kein Masse übertrag über die Bilanzgrene<br><br>Bsp. Gas zylinder (Leistung rein, Wärme raus)<br><br>Geschlossen Adiabat<br>Gedämmtes Verbrennung zylinder (nur Leistung raus)<br><br>Geschlossen Rigide<br>Warmwasser Speicher (Wärme Verlust) "
            ],
            "flags": 0,
            "guid": "XrS[9",
            "note_model_uuid": "90c8e4b6-65a1-11e9-ac21-d392eef10dcf",
            "tags": []
        },
        {
            "__type__": "Note",
            "data": "",
            "fields": [
                "Thermodyn sys Adiabat ",
                "Wärme dicht"
            ],
            "flags": 0,
            "guid": "%,ILN",
            "note_model_uuid": "90c8e4b6-65a1-11e9-ac21-d392eef10dcf",
            "tags": []
        },
        {
            "__type__": "Note",
            "data": "",
            "fields": [
                "Thermodyn sys Rigide ",
                "Arbeitsdicht, kein Arbeitsübertrag durch welle oder Kabel über die Bilanzgrenze"
            ],
            "flags": 0,
            "guid": "?lPeP",
            "note_model_uuid": "90c8e4b6-65a1-11e9-ac21-d392eef10dcf",
            "tags": []
        },
        {
            "__type__": "Note",
            "data": "",
            "fields": [
                "Thermodyn sys ABgeschlossen ",
                "Energiedicht, kein übertrag über die Bilanzgrenze<br>Bsp eine ideale Tee thermoskanne "
            ],
            "flags": 0,
            "guid": ":%B8S",
            "note_model_uuid": "90c8e4b6-65a1-11e9-ac21-d392eef10dcf",
            "tags": []
        },
        {
            "__type__": "Note",
            "data": "",
            "fields": [
                "Entropie? ",
                "Maß für die irreversibilität oder reversiblitat von Prozessen<br>Änderungen der Entropie sind während einer Prozess.<br>kJ/kgK"
            ],
            "flags": 0,
            "guid": "s1rTL",
            "note_model_uuid": "90c8e4b6-65a1-11e9-ac21-d392eef10dcf",
            "tags": []
        },
        {
            "__type__": "Note",
            "data": "",
            "fields": [
                "Carnot Wirkungsgrad? ",
                "Max erreichbar theoretisch Wirkungsgrad ohne Verluste<br>n=1-Tumgebung/Tmax [Kelvin] <br><br>Je größer der temp unterscheid, desto besser der Wirkungsgrad "
            ],
            "flags": 0,
            "guid": "fvMuB",
            "note_model_uuid": "90c8e4b6-65a1-11e9-ac21-d392eef10dcf",
            "tags": []
        },
        {
            "__type__": "Note",
            "data": "",
            "fields": [
                "U-Wert? ",
                "Unit of heat transfer<br>W/m^2 K<br>Es wird benutzt, wenn mehrere feste Materialien(Hauswand aus Stein, Putz und dämmstoff) und gasförmige oder flüssige Stoffe (innenraumluft und Außenluft) am wärmetransport beteiligt sind. "
            ],
            "flags": 0,
            "guid": "!f^EQ",
            "note_model_uuid": "90c8e4b6-65a1-11e9-ac21-d392eef10dcf",
            "tags": []
        },
        {
            "__type__": "Note",
            "data": "",
            "fields": [
                "Wirkungsgrad Windkraftwerk? ",
                "35 bis 45% (max 5o nach Betz) "
            ],
            "flags": 0,
            "guid": "^2mkC",
            "note_model_uuid": "90c8e4b6-65a1-11e9-ac21-d392eef10dcf",
            "tags": []
        },
        {
            "__type__": "Note",
            "data": "",
            "fields": [
                "Exergie? Anergie? (carnot) ",
                "Exergie = Energie die Arbeit leisten kann<br><br>Anergie =kann keine Arbeit leisten "
            ],
            "flags": 0,
            "guid": "o!B$9",
            "note_model_uuid": "90c8e4b6-65a1-11e9-ac21-d392eef10dcf",
            "tags": []
        },
        {
            "__type__": "Note",
            "data": "",
            "fields": [
                "Unterscheid Druckwasserreaktor & Seidewasserrraktor",
                "Druckwasserreaktor<br>3 Kreisläufe, primär Kreislauf bleibt unter hohem Druck, Seiden des Wassers wird vermieden, der einzige Kreislauf der mit Radioaktive Stäbe in Berührung kommt <br><br>Sekundär Kreislauf treibt die Turbine <br><br>3rd ist der Kühlkreislauf <br>----__<br>Seidenwasser hat nur 2 Kreisläufe, von brennstäbe erzeugte warm Wasser treibt die Turbine direkt, alles kommt mit radioaktive Wasser in Berührung <br><br>Nur Kühlkreis ist getrennt <br><br>"
            ],
            "flags": 0,
            "guid": "1qm~2",
            "note_model_uuid": "90c8e4b6-65a1-11e9-ac21-d392eef10dcf",
            "tags": []
        },
        {
            "__type__": "Note",
            "data": "",
            "fields": [
                "Wirkungsgrad AKWs? ",
                "35%"
            ],
            "flags": 0,
            "guid": ";ke&5",
            "note_model_uuid": "90c8e4b6-65a1-11e9-ac21-d392eef10dcf",
            "tags": []
        },
        {
            "__type__": "Note",
            "data": "",
            "fields": [
                "Wirkungsgrad effizienter gas&Dampf Turbine? ",
                "Bis 60%"
            ],
            "flags": 0,
            "guid": ":IlPF",
            "note_model_uuid": "90c8e4b6-65a1-11e9-ac21-d392eef10dcf",
            "tags": []
        },
        {
            "__type__": "Note",
            "data": "",
            "fields": [
                "Erneuerbare Energien? ",
                "Sind unerschöpflich<br>Regeneriert sich ohne hohen technischen Aufwand.<br>Betriebswirtschaftlich kostenneutral<br>"
            ],
            "flags": 0,
            "guid": "5uiRH",
            "note_model_uuid": "90c8e4b6-65a1-11e9-ac21-d392eef10dcf",
            "tags": []
        },
        {
            "__type__": "Note",
            "data": "",
            "fields": [
                "Wirkungsgrad PV / Solarmodulen? ",
                "16 bis 18%, max 28%<br>n=<br>Pnenn Solarmodul oder Zelle / E(stc ) *A(zelle) "
            ],
            "flags": 0,
            "guid": "eI1w5",
            "note_model_uuid": "90c8e4b6-65a1-11e9-ac21-d392eef10dcf",
            "tags": []
        },
        {
            "__type__": "Note",
            "data": "",
            "fields": [
                "Energetische Amortization? ",
                "[Jahre]<br>Sagt, wie lange eine Anlage braucht, um so viel Energie zu erzeugen, wie zu seiner Herstellung, Transport, Betrieb und Entsorgung insgesamt aufgewendet wurde "
            ],
            "flags": 0,
            "guid": "uu<0B",
            "note_model_uuid": "90c8e4b6-65a1-11e9-ac21-d392eef10dcf",
            "tags": []
        },
        {
            "__type__": "Note",
            "data": "",
            "fields": [
                "Erntefaktor? ",
                "Wir oft kann die Energie, die zur Herstellung, Transport, Betrieb und Entsorgung einer Anlage während der gesamten Betriebsdauer aufgewendet wurde, wieder zurück gewonnen wird?<br><br>Ef=Betriebsdauer / Energetische Amortization<br><br>Nix mit Euros hier, nur Energie "
            ],
            "flags": 0,
            "guid": "Nk`zM",
            "note_model_uuid": "90c8e4b6-65a1-11e9-ac21-d392eef10dcf",
            "tags": []
        },
        {
            "__type__": "Note",
            "data": "",
            "fields": [
                "Wieso werden die fossilen und Atomkraftwerken die energetische Amortization NIE erreichen? ",
                "Energiebilanz von fossil und atomaren Energie Trägern innerhalb der Bilanzgrenze ERDE immer negativ (Wirkungsgrad kleiner 100%)<br><br>Eine Wandlung von Energie innerhalb der Bilanzgrene heißt die Reserven werden abgebaut<br>"
            ],
            "flags": 0,
            "guid": "^b(gD",
            "note_model_uuid": "90c8e4b6-65a1-11e9-ac21-d392eef10dcf",
            "tags": []
        },
        {
            "__type__": "Note",
            "data": "",
            "fields": [
                "Energetische Amortization PV süd? ",
                "1,9 bis 2,1Jahre "
            ],
            "flags": 0,
            "guid": "A<He2",
            "note_model_uuid": "90c8e4b6-65a1-11e9-ac21-d392eef10dcf",
            "tags": []
        },
        {
            "__type__": "Note",
            "data": "",
            "fields": [
                "Energetische Amortization PV Mittle Europa? ",
                "3,3 bis 3,5 Jahre "
            ],
            "flags": 0,
            "guid": "nPKQ7",
            "note_model_uuid": "90c8e4b6-65a1-11e9-ac21-d392eef10dcf",
            "tags": []
        },
        {
            "__type__": "Note",
            "data": "",
            "fields": [
                "Energetische Amortization Wind onshore? ",
                "0,25 bis 0,5 Jahre "
            ],
            "flags": 0,
            "guid": "K|lVT",
            "note_model_uuid": "90c8e4b6-65a1-11e9-ac21-d392eef10dcf",
            "tags": []
        },
        {
            "__type__": "Note",
            "data": "",
            "fields": [
                "Energetische Amortisation Wind offshore? ",
                "0,25 bis 1 Jahre"
            ],
            "flags": 0,
            "guid": "P2tMM",
            "note_model_uuid": "90c8e4b6-65a1-11e9-ac21-d392eef10dcf",
            "tags": []
        },
        {
            "__type__": "Note",
            "data": "",
            "fields": [
                "Energetische Amortization laufwasserkraftwerk? ",
                "1 Jahr "
            ],
            "flags": 0,
            "guid": "$+>,L",
            "note_model_uuid": "90c8e4b6-65a1-11e9-ac21-d392eef10dcf",
            "tags": []
        },
        {
            "__type__": "Note",
            "data": "",
            "fields": [
                "Energetische Amortisation Solarthermie? ",
                "0,5 Jahre "
            ],
            "flags": 0,
            "guid": "&2R?6",
            "note_model_uuid": "90c8e4b6-65a1-11e9-ac21-d392eef10dcf",
            "tags": []
        },
        {
            "__type__": "Note",
            "data": "",
            "fields": [
                "Energetische Amortisation gas, Kohle, und Atomkraftwerken? ",
                "Nie "
            ],
            "flags": 0,
            "guid": ":rVCP",
            "note_model_uuid": "90c8e4b6-65a1-11e9-ac21-d392eef10dcf",
            "tags": []
        },
        {
            "__type__": "Note",
            "data": "",
            "fields": [
                "Solar Globalstrahlung? ",
                "Wird auf eine waagerechte Fläche gemessen<br>Besteht aus direkt und diffuss Strahlungen<br>[kWh/m^2] "
            ],
            "flags": 0,
            "guid": "%0|oN",
            "note_model_uuid": "90c8e4b6-65a1-11e9-ac21-d392eef10dcf",
            "tags": []
        },
        {
            "__type__": "Note",
            "data": "",
            "fields": [
                "Solar Direktstrahlung? ",
                "Direkte, parallel gerichtete Strahlungen, erzeugen Schatten "
            ],
            "flags": 0,
            "guid": "!>jgN",
            "note_model_uuid": "90c8e4b6-65a1-11e9-ac21-d392eef10dcf",
            "tags": []
        },
        {
            "__type__": "Note",
            "data": "",
            "fields": [
                "Solar Diffusstrahlung? ",
                "Indirekt auftretende Strahlungen, reflektiert von anderen Objekten, erzeugt keine Schatten, Umgebungs Helligkeit "
            ],
            "flags": 0,
            "guid": "WL{eK",
            "note_model_uuid": "90c8e4b6-65a1-11e9-ac21-d392eef10dcf",
            "tags": []
        },
        {
            "__type__": "Note",
            "data": "",
            "fields": [
                "STC Bedingungen Solarmodulen? ",
                "Strahlungen = 1000W/m^2 senkrecht<br>Temp =25°C<br>AirMass = 1,5"
            ],
            "flags": 0,
            "guid": "hvGSH",
            "note_model_uuid": "90c8e4b6-65a1-11e9-ac21-d392eef10dcf",
            "tags": []
        },
        {
            "__type__": "Note",
            "data": "",
            "fields": [
                "AirMass Zahl? (AM) ",
                "Ist ein Verhältnis der Weglänge der Solarstrahlung durch die Atmosphäre L, zu der minimaler senkrechter weg Lo<br><br>AM= L/Lo = 1/ sin(a)<br><br>Eine Zahl AM 1,5 bedeutet dass der Strahlungsweg L 1,5 mal länger ist als die direkte senkrechte Lo"
            ],
            "flags": 0,
            "guid": "nt/TH",
            "note_model_uuid": "90c8e4b6-65a1-11e9-ac21-d392eef10dcf",
            "tags": []
        },
        {
            "__type__": "Note",
            "data": "",
            "fields": [
                "Nennleistung Solarzelle oder Modul? ",
                "P-nenn =U x I (bei STC) "
            ],
            "flags": 0,
            "guid": "REjgT",
            "note_model_uuid": "90c8e4b6-65a1-11e9-ac21-d392eef10dcf",
            "tags": []
        },
        {
            "__type__": "Note",
            "data": "",
            "fields": [
                "FüllFaktor Solarzelle? ",
                "FüllFaktor ist ein maß der Qualität einer Solarzelle<br><br>Ein Verhältnis von der Maximaler Leistung zu der theoretischen max Leistung<br>FF = Pmax/Pthroretisch<br>=Imp*Vmp/Ishortcircuit*Vopencircuit<br><br>Je größer FF, desto besser die Zelle, <br>Desto Recht-eckiger sieht die Form der VI Kennlinie aus. "
            ],
            "flags": 0,
            "guid": "|{g~P",
            "note_model_uuid": "90c8e4b6-65a1-11e9-ac21-d392eef10dcf",
            "tags": []
        },
        {
            "__type__": "Note",
            "data": "",
            "fields": [
                "1eV in Joule? ",
                "1,6 x 10^-19J"
            ],
            "flags": 0,
            "guid": ":2<_P",
            "note_model_uuid": "90c8e4b6-65a1-11e9-ac21-d392eef10dcf",
            "tags": []
        },
        {
            "__type__": "Note",
            "data": "",
            "fields": [
                "Wieso kann der Wirkungsgrad einer PV zelle physikalisch nie mehr als 28,6% sein ? ",
                "Weil die Strahlungen Energie, die in form der Globalstrahlung durch die Atmosphäre kommt, kommt in eine breite Spektrum der Wellenlänge.<br><br>Und die Wellenlängen größer als 1122nm haben nicht die nötige Energie, um die Ladungsträger in den Leitungsband zu schießen . Deshalb ist dieser Bereich der Wellenlänge nicht nützlich<br><br>Bei kleiner werdende Wellenlänge wird die Energie die die Ladungsträger aufnehmen immer größer, und die mehr als benötigte Energie wird teilweise auch als wärme abgegeben "
            ],
            "flags": 0,
            "guid": "n4l.I",
            "note_model_uuid": "90c8e4b6-65a1-11e9-ac21-d392eef10dcf",
            "tags": []
        },
        {
            "__type__": "Note",
            "data": "",
            "fields": [
                "Was sind PlusEnergieHäuser? ",
                "Die erzeugen in der Jahresbilanz mehr Energie als die verbrauchen "
            ],
            "flags": 0,
            "guid": "xoy}G",
            "note_model_uuid": "90c8e4b6-65a1-11e9-ac21-d392eef10dcf",
            "tags": []
        },
        {
            "__type__": "Note",
            "data": "",
            "fields": [
                "Wie sieht der Wärmebedarf und der Wärmeangebot bei Solarthermie ? ",
                "Heizwärmebedarf und solare angebot passen nicht gut zusammen, deckungsbereiche sind wenig,<br><br>Aber Warmwasser bedarf ist fast das komplette Jahr abgedeckt, auch im Sommer wird Warmwasser gebraucht. "
            ],
            "flags": 0,
            "guid": "e1nUC",
            "note_model_uuid": "90c8e4b6-65a1-11e9-ac21-d392eef10dcf",
            "tags": []
        },
        {
            "__type__": "Note",
            "data": "",
            "fields": [
                "Heizwärme und Warmwasser bedarf 4köpfige Familie? ",
                "4-10kW pro Jahr Heizwärme<br>0,5 bis 2kW  Warmwasser "
            ],
            "flags": 0,
            "guid": ")|HOQ",
            "note_model_uuid": "90c8e4b6-65a1-11e9-ac21-d392eef10dcf",
            "tags": []
        },
        {
            "__type__": "Note",
            "data": "",
            "fields": [
                "3 Arten von Wärmetransport / Übertragung? ",
                "Wärmeleitung - innerhalb der Stoff, durch moleculare Schwingungsenergie wird Wärme abgeleitet. Immer Richtung niedrigen Temp<br><br>Konvention - durch die Bewegung des Mediums (Luft oder Wasser)<br>Zb kühlturm einer Kraftwerk<br><br>Strahlung - durch Elektromagnetischen Strahlungen, braucht kein Medium (Wärme von der Sonne zur Erde) "
            ],
            "flags": 0,
            "guid": "czX[3",
            "note_model_uuid": "90c8e4b6-65a1-11e9-ac21-d392eef10dcf",
            "tags": []
        },
        {
            "__type__": "Note",
            "data": "",
            "fields": [
                "Strahlungsleistung? Gesamtenergie durchlassgrad? ",
                "Strahlungsenergie Ist der Summe der Reflexion, Absorption, und transmissionskoeffizient<br><br>Wenn es kein Temperatur unterscheid zwischen bestrahlte Fläche und der Umgebung gibt, dann wird alles emittiert was absorbiert wird (alpha =  epsilon) <br><br>Bei Temperatur unterscheid zwischen bestrahlte Fläche und der Umgebung wird die emission zu Hälfte nach innen und Hälfte nach außen geteilt<br><br>(1/2 epsilon nach innen) "
            ],
            "flags": 0,
            "guid": "S#tq7",
            "note_model_uuid": "90c8e4b6-65a1-11e9-ac21-d392eef10dcf",
            "tags": []
        },
        {
            "__type__": "Note",
            "data": "",
            "fields": [
                "Was ist ein g-Wert? ",
                "Gesamtenergiedurchlassgrad. <br>Wie viel der gestrahlte Energie durch eine Medium durch geht.<br><br>Ein Teil wird reflektiert, etwas Energie wird absorbiert und emittiert, wenn temp unterschied besteht dann halb innen und halb außen emittiert. Ein Teil der Energie wird unbeeinflust durch das Medium gehen(transmission)<br><br>Billig Fenster glass ohne beschichtung lässt 85 der Strahlung durch. d. h ein g Wert =85% (für Solarthermie gut, für Haus Isolierung nicht gut) <br><br><br><br>"
            ],
            "flags": 0,
            "guid": "A?W,C",
            "note_model_uuid": "90c8e4b6-65a1-11e9-ac21-d392eef10dcf",
            "tags": []
        }
    ]
}