{
    "__type__": "Deck",
    "children": [],
    "crowdanki_uuid": "d53db44c-65a2-11e9-b185-d392eef10dcf",
    "deck_config_uuid": "ea53fa37-5ebf-11e9-b750-cc091810164d",
    "deck_configurations": [
        {
            "__type__": "DeckConfig",
            "autoplay": true,
            "crowdanki_uuid": "ea53fa37-5ebf-11e9-b750-cc091810164d",
            "dyn": false,
            "lapse": {
                "delays": [
                    10
                ],
                "leechAction": 0,
                "leechFails": 8,
                "minInt": 1,
                "mult": 0
            },
            "maxTaken": 60,
            "name": "Default",
            "new": {
                "bury": false,
                "delays": [
                    1,
                    10
                ],
                "initialFactor": 2500,
                "ints": [
                    1,
                    4,
                    7
                ],
                "order": 1,
                "perDay": 20,
                "separate": true
            },
            "replayq": true,
            "rev": {
                "bury": false,
                "ease4": 1.3,
                "fuzz": 0.05,
                "hardFactor": 1.2,
                "ivlFct": 1,
                "maxIvl": 36500,
                "minSpace": 1,
                "perDay": 200
            },
            "timer": 0
        }
    ],
    "desc": "Please see the <a href='https://ankiweb.net/shared/info/428226706'>shared deck page</a> for more info.",
    "dyn": 0,
    "extendNew": 10,
    "extendRev": 50,
    "media_files": [],
    "name": "Werkstoffe H-BRS",
    "note_models": [
        {
            "__type__": "NoteModel",
            "crowdanki_uuid": "90c8e4b6-65a1-11e9-ac21-d392eef10dcf",
            "css": ".card {\n font-family: arial;\n font-size: 20px;\n text-align: center;\n color: black;\n background-color: white;\n}",
            "flds": [
                {
                    "font": "Arial",
                    "media": [],
                    "name": "Front",
                    "ord": 0,
                    "rtl": false,
                    "size": 20,
                    "sticky": false
                },
                {
                    "font": "Arial",
                    "media": [],
                    "name": "Back",
                    "ord": 1,
                    "rtl": false,
                    "size": 20,
                    "sticky": false
                }
            ],
            "latexPost": "\\end{document}",
            "latexPre": "\\documentclass[12pt]{article}\n\\special{papersize=3in,5in}\n\\usepackage[utf8]{inputenc}\n\\usepackage{amssymb,amsmath}\n\\pagestyle{empty}\n\\setlength{\\parindent}{0in}\n\\begin{document}\n",
            "name": "Basic-7290a",
            "req": [
                [
                    0,
                    "all",
                    [
                        0
                    ]
                ]
            ],
            "sortf": 0,
            "tags": [],
            "tmpls": [
                {
                    "afmt": "{{FrontSide}}\n\n<hr id=answer>\n\n{{Back}}",
                    "bafmt": "",
                    "bfont": "Arial",
                    "bqfmt": "",
                    "bsize": 12,
                    "did": null,
                    "name": "Card 1",
                    "ord": 0,
                    "qfmt": "{{Front}}"
                }
            ],
            "type": 0,
            "vers": []
        },
        {
            "__type__": "NoteModel",
            "crowdanki_uuid": "010b074c-5ec0-11e9-8d22-cc091810164d",
            "css": ".card {\n font-family: arial;\n font-size: 20px;\n text-align: center;\n color: black;\n background-color: white;\n}\n",
            "flds": [
                {
                    "font": "Arial",
                    "media": [],
                    "name": "Front",
                    "ord": 0,
                    "rtl": false,
                    "size": 20,
                    "sticky": false
                },
                {
                    "font": "Arial",
                    "media": [],
                    "name": "Back",
                    "ord": 1,
                    "rtl": false,
                    "size": 20,
                    "sticky": false
                }
            ],
            "latexPost": "\\end{document}",
            "latexPre": "\\documentclass[12pt]{article}\n\\special{papersize=3in,5in}\n\\usepackage[utf8]{inputenc}\n\\usepackage{amssymb,amsmath}\n\\pagestyle{empty}\n\\setlength{\\parindent}{0in}\n\\begin{document}\n",
            "name": "Basic",
            "req": [
                [
                    0,
                    "all",
                    [
                        0
                    ]
                ]
            ],
            "sortf": 0,
            "tags": [],
            "tmpls": [
                {
                    "afmt": "{{FrontSide}}\n\n<hr id=answer>\n\n{{Back}}",
                    "bafmt": "",
                    "bqfmt": "",
                    "did": null,
                    "name": "Card 1",
                    "ord": 0,
                    "qfmt": "{{Front}}"
                }
            ],
            "type": 0,
            "vers": []
        }
    ],
    "notes": [
        {
            "__type__": "Note",
            "data": "",
            "fields": [
                "Ionen Bindung?",
                "Ein atom gibt Elektron ab und wird positiv geladen , der andere nimmt es auf und wird negativ geladen ,<br><br>Beide haben somit 8 Elektronen auf der valenz Schale, und sind glücklich. + und - ziehen sich <br><br>Zb NaCl "
            ],
            "flags": 0,
            "guid": ",v8[T",
            "note_model_uuid": "90c8e4b6-65a1-11e9-ac21-d392eef10dcf",
            "tags": []
        },
        {
            "__type__": "Note",
            "data": "",
            "fields": [
                "Kovalent Bindung? ",
                "Elektronenpaarbindung, mehrere Atome teilen sich Elektronen, dann haben alle 8 Elektronen auf der äußerste Schale, die Atome auf der Oberfläche bilden dann mit Sauerstoff ein oxidschicht<br><br>Zb Si atome"
            ],
            "flags": 0,
            "guid": "Wu#%O",
            "note_model_uuid": "90c8e4b6-65a1-11e9-ac21-d392eef10dcf",
            "tags": []
        },
        {
            "__type__": "Note",
            "data": "",
            "fields": [
                "Si Atom kristall? ",
                "Tetraeder Diamantstruktur "
            ],
            "flags": 0,
            "guid": "G}>93",
            "note_model_uuid": "90c8e4b6-65a1-11e9-ac21-d392eef10dcf",
            "tags": []
        },
        {
            "__type__": "Note",
            "data": "",
            "fields": [
                "Wann leitet Si Strom? ",
                "Bei 0K nicht leitend<br>Durch Wärmeenergie (Umgebung) leitet es. Aber nicht so gut wie metalle "
            ],
            "flags": 0,
            "guid": "v1tgM",
            "note_model_uuid": "90c8e4b6-65a1-11e9-ac21-d392eef10dcf",
            "tags": []
        },
        {
            "__type__": "Note",
            "data": "",
            "fields": [
                "Metallbindung ",
                "+ve Metall Atome sind zusammen gehalten von Elektronen "
            ],
            "flags": 0,
            "guid": "VctYA",
            "note_model_uuid": "90c8e4b6-65a1-11e9-ac21-d392eef10dcf",
            "tags": []
        },
        {
            "__type__": "Note",
            "data": "",
            "fields": [
                "Was Ist eine Elementarzelle? ",
                "Kleinste Einheit des Kristallgitters, die alle Merkmale des gesamten gitters aufweist "
            ],
            "flags": 0,
            "guid": "pF^!2",
            "note_model_uuid": "90c8e4b6-65a1-11e9-ac21-d392eef10dcf",
            "tags": []
        },
        {
            "__type__": "Note",
            "data": "",
            "fields": [
                "Gitterkonstante? ",
                "Kantenlängen und Winkeln einer Elementarzelle "
            ],
            "flags": 0,
            "guid": "v]D<H",
            "note_model_uuid": "90c8e4b6-65a1-11e9-ac21-d392eef10dcf",
            "tags": []
        },
        {
            "__type__": "Note",
            "data": "",
            "fields": [
                "Wichtige Kristallstrukturen",
                "Kubisch und hexagonal<br>_________________________<br>Primitiv = Atome nur an Ecken<br>Raumzentriert = an Ecken und ein atom in der Mitte<br>Flächenzentriert = Ecken und eins an jeder Fläche "
            ],
            "flags": 0,
            "guid": "shl<7",
            "note_model_uuid": "90c8e4b6-65a1-11e9-ac21-d392eef10dcf",
            "tags": []
        },
        {
            "__type__": "Note",
            "data": "",
            "fields": [
                "Kristall geometrien",
                "Kubisch = alle kanten gleich + alle Winkel 90<br><br>Tetragonal = wie kubisch aber eine kante länger<br><br>Hexagonal = wie kubisch, aber eine kante länger und einer der 3 Winkel 120"
            ],
            "flags": 0,
            "guid": "ohF28",
            "note_model_uuid": "90c8e4b6-65a1-11e9-ac21-d392eef10dcf",
            "tags": []
        },
        {
            "__type__": "Note",
            "data": "",
            "fields": [
                "Packungsdichte? ",
                "Volumen aller Atome eine Elementarzelle  / <br>Volumen der Elementarzelle<br><br>Volumen Atome = Annahme <br> = Atome aufblasen bis die sich berühren, und an Elementarzelle abschneiden, nur Volumen innerhalb der Zelle zählt <br>"
            ],
            "flags": 0,
            "guid": "!{TwT",
            "note_model_uuid": "90c8e4b6-65a1-11e9-ac21-d392eef10dcf",
            "tags": []
        },
        {
            "__type__": "Note",
            "data": "",
            "fields": [
                "Packungsdichte KFZ",
                "0,74<br><br>Diagonale = 4*radius = wurzel2* kantenlänge a (pytha) <br><br>Anzahl Atome = 4 ganze<br>(8 * 1/8 Ecken + 6 * 1/2 Halbkugeln pro Fläche) <br><br>Radius Atom Kugel = 1/4 * wurzel2 * a<br><br>Volumen eines Atom Kugels = (pi)a^3 * wurzel2 /24<br><br>Volumen Elementarzelle = a^3 (l x b x h)<br><br> Pakungsdichte =Vatome/Vzelle<br><br>((pi) * wurzel2 )/6 =0,74"
            ],
            "flags": 0,
            "guid": "@7Z~N",
            "note_model_uuid": "90c8e4b6-65a1-11e9-ac21-d392eef10dcf",
            "tags": []
        },
        {
            "__type__": "Note",
            "data": "",
            "fields": [
                "Pakungsdichte KRZ",
                "0,68<br><br>(Raum)Diagonale = 4*radius = wurzel3* kantenlänge a (pytha) <br><br>Anzahl Atome = 2 ganze<br>(8 * 1/8 Ecken + 1 Kugel in der Mitte ) <br><br>Radius Atom Kugel(r) = 1/4 * wurzel3 * a<br><br>Volumen eines Atom Kugels = (pi)a^3 wurzel3 /16<br><br>Volumen Elementarzelle = a^3 (l x b x h)<br><br> Pakungsdichte =Vatome/Vzelle<br><br>((pi) * wurzel3 )/8 =0,68"
            ],
            "flags": 0,
            "guid": ",ZeWR",
            "note_model_uuid": "90c8e4b6-65a1-11e9-ac21-d392eef10dcf",
            "tags": []
        },
        {
            "__type__": "Note",
            "data": "",
            "fields": [
                "Pakungsdichte Kprimitiv ",
                "Anzahl Atome =1/8 Ecken * 8 = 1<br>Radius = a/2"
            ],
            "flags": 0,
            "guid": "wQqiG",
            "note_model_uuid": "90c8e4b6-65a1-11e9-ac21-d392eef10dcf",
            "tags": []
        },
        {
            "__type__": "Note",
            "data": "",
            "fields": [
                "KRZ Eisen? ",
                "Alpha < 911 grad<br>Beta (1392 <t< 1536c)<br>Gamma zwch 911 und 1392 grad"
            ],
            "flags": 0,
            "guid": ")3QTT",
            "note_model_uuid": "90c8e4b6-65a1-11e9-ac21-d392eef10dcf",
            "tags": []
        },
        {
            "__type__": "Note",
            "data": "",
            "fields": [
                "1 Mol",
                "= 6,02*10^23 Teilchen<br><br>N Avogadro zahl"
            ],
            "flags": 0,
            "guid": "0!u7M",
            "note_model_uuid": "90c8e4b6-65a1-11e9-ac21-d392eef10dcf",
            "tags": []
        },
        {
            "__type__": "Note",
            "data": "",
            "fields": [
                "Molmasse = gram pro Teilchen Rechnung ",
                "Molmasse geteilt durch Avogadro konstante "
            ],
            "flags": 0,
            "guid": "%Yft4",
            "note_model_uuid": "90c8e4b6-65a1-11e9-ac21-d392eef10dcf",
            "tags": []
        },
        {
            "__type__": "Note",
            "data": "",
            "fields": [
                "Dichte? ",
                "Masse durch Volumen "
            ],
            "flags": 0,
            "guid": "4>^@H",
            "note_model_uuid": "90c8e4b6-65a1-11e9-ac21-d392eef10dcf",
            "tags": []
        },
        {
            "__type__": "Note",
            "data": "",
            "fields": [
                "Volumen eines Kugels ",
                "4/3 * pi*r^3"
            ],
            "flags": 0,
            "guid": "XPI;T",
            "note_model_uuid": "90c8e4b6-65a1-11e9-ac21-d392eef10dcf",
            "tags": []
        },
        {
            "__type__": "Note",
            "data": "",
            "fields": [
                "Mischkristalle ",
                "Feste Lösung<br>Mind. 2 atomsorten<br>1 Phase, homogen, unterschiedliche gitter Orientierung "
            ],
            "flags": 0,
            "guid": "04){F",
            "note_model_uuid": "90c8e4b6-65a1-11e9-ac21-d392eef10dcf",
            "tags": []
        },
        {
            "__type__": "Note",
            "data": "",
            "fields": [
                "Kristallgemisch ",
                "Unterschiedliche homogen Phasen von einander getrennt, "
            ],
            "flags": 0,
            "guid": "If;n2",
            "note_model_uuid": "90c8e4b6-65a1-11e9-ac21-d392eef10dcf",
            "tags": []
        },
        {
            "__type__": "Note",
            "data": "",
            "fields": [
                "Substitutionsmischkristall",
                "Atome sind ähnlich groß,<br>Die ursprüngliche Atome werden ersetzt.<br>Jeder Mischungsverhältnis ist möglich (unbegrenzte mischbarkeit im festen Zustand?)<br>Beispiel CuNi, GaAs"
            ],
            "flags": 0,
            "guid": "-vYcR",
            "note_model_uuid": "90c8e4b6-65a1-11e9-ac21-d392eef10dcf",
            "tags": []
        },
        {
            "__type__": "Note",
            "data": "",
            "fields": [
                "Interstitieller Mischkristall",
                "Beispiel Eisen Kohlenstoff <br><br>Atome sind unterschiedlich groß<br>Kleineren Atome setzen sich in Lücken.<br>Begrenzte Lücken =begrenzte Atome können beigemischt werden =(begrenzte mischbarkeit im festen Zustand?) "
            ],
            "flags": 0,
            "guid": "a!D~S",
            "note_model_uuid": "90c8e4b6-65a1-11e9-ac21-d392eef10dcf",
            "tags": []
        },
        {
            "__type__": "Note",
            "data": "",
            "fields": [
                "Intermetallische phase ",
                "Atomsorten treten in festen ganzzahligen Mischungsverhältnis auf <br>In Phasen Diagramm bilden die eine senkrechte Linie "
            ],
            "flags": 0,
            "guid": "1enOL",
            "note_model_uuid": "90c8e4b6-65a1-11e9-ac21-d392eef10dcf",
            "tags": []
        },
        {
            "__type__": "Note",
            "data": "",
            "fields": [
                "Eutektikum",
                "Die Bestandteile der Legierung werden bei einer bestimmten Temperatur und zusammensetzung direkt komplett fest oder flüssig.<br><br>Es hat den niedrigsten Schmelzpunkt<br><br>Lamellar Gefüge wird gebildet, <br>Ein Gemisch von Kristallen <br>"
            ],
            "flags": 0,
            "guid": "E00[6",
            "note_model_uuid": "90c8e4b6-65a1-11e9-ac21-d392eef10dcf",
            "tags": []
        },
        {
            "__type__": "Note",
            "data": "",
            "fields": [
                "Eutektoid ",
                "Bei Abkühlung von 1 Phase in 2 Phasen gebeit umgewandelt"
            ],
            "flags": 0,
            "guid": "4]MMQ",
            "note_model_uuid": "90c8e4b6-65a1-11e9-ac21-d392eef10dcf",
            "tags": []
        },
        {
            "__type__": "Note",
            "data": "",
            "fields": [
                "Peritektikum ",
                ""
            ],
            "flags": 0,
            "guid": "AivPS",
            "note_model_uuid": "90c8e4b6-65a1-11e9-ac21-d392eef10dcf",
            "tags": []
        },
        {
            "__type__": "Note",
            "data": "",
            "fields": [
                "Ferrit",
                "Alpha mischkristall<br>KRZ<br>Max 0,02% C Atome "
            ],
            "flags": 0,
            "guid": "Vv7$P",
            "note_model_uuid": "90c8e4b6-65a1-11e9-ac21-d392eef10dcf",
            "tags": []
        },
        {
            "__type__": "Note",
            "data": "",
            "fields": [
                "Zementit",
                "Fe3C<br>"
            ],
            "flags": 0,
            "guid": "GwF$S",
            "note_model_uuid": "90c8e4b6-65a1-11e9-ac21-d392eef10dcf",
            "tags": []
        },
        {
            "__type__": "Note",
            "data": "",
            "fields": [
                "Austenit ",
                "Gamma mischkristall<br>Kfz<br>Max 2,06% C"
            ],
            "flags": 0,
            "guid": "`4z<Q",
            "note_model_uuid": "90c8e4b6-65a1-11e9-ac21-d392eef10dcf",
            "tags": []
        },
        {
            "__type__": "Note",
            "data": "",
            "fields": [
                "Perlit",
                "Ferrit+Zementit eutektoid<br>0,8% C"
            ],
            "flags": 0,
            "guid": "RpBvI",
            "note_model_uuid": "90c8e4b6-65a1-11e9-ac21-d392eef10dcf",
            "tags": []
        },
        {
            "__type__": "Note",
            "data": "",
            "fields": [
                "Driftgeschwindigkeit ",
                ""
            ],
            "flags": 0,
            "guid": "3oQaG",
            "note_model_uuid": "90c8e4b6-65a1-11e9-ac21-d392eef10dcf",
            "tags": []
        },
        {
            "__type__": "Note",
            "data": "",
            "fields": [
                "Beweglichkeit Elektronen",
                ""
            ],
            "flags": 0,
            "guid": "Eee+6",
            "note_model_uuid": "90c8e4b6-65a1-11e9-ac21-d392eef10dcf",
            "tags": []
        },
        {
            "__type__": "Note",
            "data": "",
            "fields": [
                "Relaxationszeit",
                ""
            ],
            "flags": 0,
            "guid": "rRj@4",
            "note_model_uuid": "90c8e4b6-65a1-11e9-ac21-d392eef10dcf",
            "tags": []
        },
        {
            "__type__": "Note",
            "data": "",
            "fields": [
                "Elektronendichte n",
                "Zahl der freien Elektronen pro Volumen Einheit <br>Nur Abhängig von atomsorte (Valenzelektronen)<br><br>Temperatur unabhängig.(wieso?) "
            ],
            "flags": 0,
            "guid": "y{RZH",
            "note_model_uuid": "90c8e4b6-65a1-11e9-ac21-d392eef10dcf",
            "tags": []
        },
        {
            "__type__": "Note",
            "data": "",
            "fields": [
                "Beweglichkeit Elektronen ",
                "Abhängig von<br>Temperatur<br>Verunreinigungen<br>Kristallrichtung etc<br>Temp hoch = Beweglichkeit runter<br>"
            ],
            "flags": 0,
            "guid": "(0vc2",
            "note_model_uuid": "90c8e4b6-65a1-11e9-ac21-d392eef10dcf",
            "tags": []
        },
        {
            "__type__": "Note",
            "data": "",
            "fields": [
                "Spezifischen Widerstand ",
                ""
            ],
            "flags": 0,
            "guid": "6s29U",
            "note_model_uuid": "90c8e4b6-65a1-11e9-ac21-d392eef10dcf",
            "tags": []
        },
        {
            "__type__": "Note",
            "data": "",
            "fields": [
                "Spezifischen Leitwert",
                ""
            ],
            "flags": 0,
            "guid": "kV`?O",
            "note_model_uuid": "90c8e4b6-65a1-11e9-ac21-d392eef10dcf",
            "tags": []
        },
        {
            "__type__": "Note",
            "data": "",
            "fields": [
                "Temperaturkoeffizient",
                ""
            ],
            "flags": 0,
            "guid": "#uWkA",
            "note_model_uuid": "90c8e4b6-65a1-11e9-ac21-d392eef10dcf",
            "tags": []
        },
        {
            "__type__": "Note",
            "data": "",
            "fields": [
                "Halbleiter",
                "Leiten nicht bei 0K<br>Leiten nicht so gut wie metalle<br>Sind nicht so gute Isolator<br>Besitzen je 4 Valenzelektronen pro Atom<br>"
            ],
            "flags": 0,
            "guid": "dpD*",
            "note_model_uuid": "90c8e4b6-65a1-11e9-ac21-d392eef10dcf",
            "tags": []
        },
        {
            "__type__": "Note",
            "data": "",
            "fields": [
                "Silizium",
                "Hat 4 Valenzelektronen <br>Bildet covalent Bindung mit 4 anderen Atomen <br>Gitter Form Tetraeder <br>"
            ],
            "flags": 0,
            "guid": "iimv2",
            "note_model_uuid": "90c8e4b6-65a1-11e9-ac21-d392eef10dcf",
            "tags": []
        },
        {
            "__type__": "Note",
            "data": "",
            "fields": [
                "Ladungsträger Paare ",
                "n [1 / Volumeneinheit] <br>Durch Thermische Energie oder Licht (Strahlung) erzeugt<br><br>Bei RaumTemp ständig neu erzeugt <br>Energie aufgenommen <br><br>Bei Rekombination vernichtet <br>Energie abgegeben <br><br>Bei konstanter Temp findet ein Gleichgewicht zwischen Erzeugung und Vernichtung statt <br><br>Vergleichsweise wenig Ladungsträger zu Anzahl Atome<br><br>Elektron aus Bindung gerissen<br>Es entsteht ein freies Elektron, und ein Loch <br><br>Elektron wandert zum Pluspol<br>Loch \"wandert\" zum Minuspol<br>Loch wird als Positiv Teilchen behandelt <br>"
            ],
            "flags": 0,
            "guid": "RH(yD",
            "note_model_uuid": "90c8e4b6-65a1-11e9-ac21-d392eef10dcf",
            "tags": []
        },
        {
            "__type__": "Note",
            "data": "",
            "fields": [
                "Energielücke, EnergyGap",
                "(in eV)<br>Ist der Abstand zwischen Valenzband und dem Leitungsband<br><br>Je kleiner der Abstand, Desto mehr Ladungsträger erzeugt, desto besser die Leitfähigkeit. <br><br>Zu geringer Abstand ist Temperatur Empfindlich "
            ],
            "flags": 0,
            "guid": "?;(g3",
            "note_model_uuid": "90c8e4b6-65a1-11e9-ac21-d392eef10dcf",
            "tags": []
        },
        {
            "__type__": "Note",
            "data": "",
            "fields": [
                "Eigenleitungsträgerdichte",
                "Zahl der Ladungsträgerpaare / Volumen in einem reinen Halbleiter <br><br>Ist stark Temperaturabhängig<br>"
            ],
            "flags": 0,
            "guid": "/sAP",
            "note_model_uuid": "90c8e4b6-65a1-11e9-ac21-d392eef10dcf",
            "tags": []
        },
        {
            "__type__": "Note",
            "data": "",
            "fields": [
                "N- Dotierung ",
                "<br>Ersetzen eines Si Atoms mit ein Atom(Donator) der 1 extra Valenz Elektron hat (Gesamt 5,aus der 5te Gruppe)<br><br>Für Bindung nicht notwendig, lässt sich leicht lösen, bei RaumTemp frei. <br><br>Ein extra Elektron erzeugt, aber kein Loch (mehr e wie Löcher) <br><br><br><br>"
            ],
            "flags": 0,
            "guid": "8(/AU",
            "note_model_uuid": "90c8e4b6-65a1-11e9-ac21-d392eef10dcf",
            "tags": []
        },
        {
            "__type__": "Note",
            "data": "",
            "fields": [
                "P-Dotierung",
                "<br>Ersetzen eines Si Atoms mit ein Atom(Akzeptor), der 1 Valenz Elektron weniger hat (Gesamt 3,aus der 3te Gruppe)<br><br>Fehlt ein e, Für Bindung notwendig, dadurch entsteht ein \"Loch\"<br><br>Ein Nachbar Elektron springt leicht in das Loch, Loch wandert <br><br>Ein extra Loch erzeugt, aber kein Elektron (mehr Löcher wie Elektronen) <br><br><br><br>"
            ],
            "flags": 0,
            "guid": "ww~^1",
            "note_model_uuid": "90c8e4b6-65a1-11e9-ac21-d392eef10dcf",
            "tags": []
        },
        {
            "__type__": "Note",
            "data": "",
            "fields": [
                "TestNewCardFromDesktop",
                "TestAdd"
            ],
            "flags": 0,
            "guid": "ndKO&HgtMF",
            "note_model_uuid": "010b074c-5ec0-11e9-8d22-cc091810164d",
            "tags": []
        },
        {
            "__type__": "Note",
            "data": "",
            "fields": [
                "TestCard",
                "TestBack"
            ],
            "flags": 0,
            "guid": "D$(9/G!9=q",
            "note_model_uuid": "010b074c-5ec0-11e9-8d22-cc091810164d",
            "tags": []
        }
    ]
}